{
  "Ansi 6 Color" : {
    "Green Component" : 0.7607843279838562,
    "Blue Component" : 0.75686275959014893,
    "Red Component" : 0.20000000298023224
  },
  "Tags" : [

  ],
  "Ansi 12 Color" : {
    "Green Component" : 0.61568629741668701,
    "Blue Component" : 0.94509804248809814,
    "Red Component" : 0.42745098471641541
  },
  "Ansi 0 Color" : {
    "Green Component" : 0,
    "Blue Component" : 0,
    "Red Component" : 0
  },
  "Normal Font" : "MenloForPowerline-Regular 14",
  "Bold Color" : {
    "Green Component" : 0.93333333730697632,
    "Blue Component" : 0.93333333730697632,
    "Red Component" : 0.93333333730697632
  },
  "Ansi 2 Color" : {
    "Green Component" : 0.43137255311012268,
    "Blue Component" : 0,
    "Red Component" : 0.070588238537311554
  },
  "Ansi 4 Color" : {
    "Green Component" : 0.5058823823928833,
    "Blue Component" : 0.92156863212585449,
    "Red Component" : 0.27058824896812439
  },
  "Ansi 3 Color" : {
    "Green Component" : 0.76470589637756348,
    "Blue Component" : 0,
    "Red Component" : 0.7607843279838562
  },
  "Rows" : 32,
  "Default Bookmark" : "No",
  "Cursor Guide Color" : {
    "Red Component" : 0.65000000000000002,
    "Color Space" : "Calibrated",
    "Blue Component" : 1,
    "Alpha Component" : 0.25,
    "Green Component" : 0.91000000000000003
  },
  "Non-ASCII Anti Aliased" : true,
  "Use Bright Bold" : true,
  "Ansi 10 Color" : {
    "Green Component" : 1,
    "Blue Component" : 0.30980393290519714,
    "Red Component" : 0.40392157435417175
  },
  "Ambiguous Double Width" : false,
  "Jobs to Ignore" : [
    "rlogin",
    "ssh",
    "slogin",
    "telnet"
  ],
  "Ansi 15 Color" : {
    "Green Component" : 0.93333333730697632,
    "Blue Component" : 0.93333333730697632,
    "Red Component" : 0.93333333730697632
  },
  "Foreground Color" : {
    "Green Component" : 0.67843139171600342,
    "Blue Component" : 0.67843139171600342,
    "Red Component" : 0.67843139171600342
  },
  "Blinking Cursor" : false,
  "Disable Window Resizing" : true,
  "Sync Title" : false,
  "Prompt Before Closing 2" : false,
  "BM Growl" : true,
  "Command" : "",
  "Description" : "Default",
  "Mouse Reporting" : true,
  "Screen" : -1,
  "Selection Color" : {
    "Green Component" : 0.19607843458652496,
    "Blue Component" : 0.44705882668495178,
    "Red Component" : 0.10196078568696976
  },
  "Columns" : 128,
  "Idle Code" : 0,
  "Ansi 13 Color" : {
    "Green Component" : 0.50980395078659058,
    "Blue Component" : 1,
    "Red Component" : 0.9843137264251709
  },
  "Custom Command" : "No",
  "ASCII Anti Aliased" : true,
  "Non Ascii Font" : "Monaco 12",
  "Vertical Spacing" : 1,
  "Use Bold Font" : true,
  "Option Key Sends" : 0,
  "Selected Text Color" : {
    "Green Component" : 0.67843139171600342,
    "Blue Component" : 0.67843139171600342,
    "Red Component" : 0.67843139171600342
  },
  "Background Color" : {
    "Green Component" : 0.12549020349979401,
    "Blue Component" : 0.12549020349979401,
    "Red Component" : 0.12549020349979401
  },
  "Character Encoding" : 4,
  "Ansi 11 Color" : {
    "Green Component" : 1,
    "Blue Component" : 0,
    "Red Component" : 1
  },
  "Use Italic Font" : true,
  "Unlimited Scrollback" : false,
  "Keyboard Map" : {
    "0xf700-0x260000" : {
      "Action" : 10,
      "Text" : "[1;6A"
    },
    "0x37-0x40000" : {
      "Action" : 11,
      "Text" : "0x1f"
    },
    "0x32-0x40000" : {
      "Action" : 11,
      "Text" : "0x00"
    },
    "0xf709-0x20000" : {
      "Action" : 10,
      "Text" : "[17;2~"
    },
    "0xf70c-0x20000" : {
      "Action" : 10,
      "Text" : "[20;2~"
    },
    "0xf729-0x20000" : {
      "Action" : 10,
      "Text" : "[1;2H"
    },
    "0xf72b-0x40000" : {
      "Action" : 10,
      "Text" : "[1;5F"
    },
    "0xf705-0x20000" : {
      "Action" : 10,
      "Text" : "[1;2Q"
    },
    "0xf703-0x260000" : {
      "Action" : 10,
      "Text" : "[1;6C"
    },
    "0xf700-0x220000" : {
      "Action" : 10,
      "Text" : "[1;2A"
    },
    "0xf701-0x280000" : {
      "Action" : 11,
      "Text" : "0x1b 0x1b 0x5b 0x42"
    },
    "0x38-0x40000" : {
      "Action" : 11,
      "Text" : "0x7f"
    },
    "0x33-0x40000" : {
      "Action" : 11,
      "Text" : "0x1b"
    },
    "0xf703-0x220000" : {
      "Action" : 10,
      "Text" : "[1;2C"
    },
    "0xf701-0x240000" : {
      "Action" : 10,
      "Text" : "[1;5B"
    },
    "0xf70d-0x20000" : {
      "Action" : 10,
      "Text" : "[21;2~"
    },
    "0xf702-0x260000" : {
      "Action" : 10,
      "Text" : "[1;6D"
    },
    "0xf729-0x40000" : {
      "Action" : 10,
      "Text" : "[1;5H"
    },
    "0xf706-0x20000" : {
      "Action" : 10,
      "Text" : "[1;2R"
    },
    "0x34-0x40000" : {
      "Action" : 11,
      "Text" : "0x1c"
    },
    "0xf700-0x280000" : {
      "Action" : 11,
      "Text" : "0x1b 0x1b 0x5b 0x41"
    },
    "0x2d-0x40000" : {
      "Action" : 11,
      "Text" : "0x1f"
    },
    "0xf70e-0x20000" : {
      "Action" : 10,
      "Text" : "[23;2~"
    },
    "0xf702-0x220000" : {
      "Action" : 10,
      "Text" : "[1;2D"
    },
    "0xf703-0x280000" : {
      "Action" : 11,
      "Text" : "0x1b 0x1b 0x5b 0x43"
    },
    "0xf700-0x240000" : {
      "Action" : 10,
      "Text" : "[1;5A"
    },
    "0xf707-0x20000" : {
      "Action" : 10,
      "Text" : "[1;2S"
    },
    "0xf70a-0x20000" : {
      "Action" : 10,
      "Text" : "[18;2~"
    },
    "0x35-0x40000" : {
      "Action" : 11,
      "Text" : "0x1d"
    },
    "0xf70f-0x20000" : {
      "Action" : 10,
      "Text" : "[24;2~"
    },
    "0xf703-0x240000" : {
      "Action" : 10,
      "Text" : "[1;5C"
    },
    "0xf701-0x260000" : {
      "Action" : 10,
      "Text" : "[1;6B"
    },
    "0xf702-0x280000" : {
      "Action" : 11,
      "Text" : "0x1b 0x1b 0x5b 0x44"
    },
    "0xf72b-0x20000" : {
      "Action" : 10,
      "Text" : "[1;2F"
    },
    "0x36-0x40000" : {
      "Action" : 11,
      "Text" : "0x1e"
    },
    "0xf708-0x20000" : {
      "Action" : 10,
      "Text" : "[15;2~"
    },
    "0xf701-0x220000" : {
      "Action" : 10,
      "Text" : "[1;2B"
    },
    "0xf70b-0x20000" : {
      "Action" : 10,
      "Text" : "[19;2~"
    },
    "0xf702-0x240000" : {
      "Action" : 10,
      "Text" : "[1;5D"
    },
    "0xf704-0x20000" : {
      "Action" : 10,
      "Text" : "[1;2P"
    }
  },
  "Window Type" : 0,
  "Background Image Location" : "",
  "Blur" : false,
  "Badge Color" : {
    "Red Component" : 1,
    "Color Space" : "Calibrated",
    "Blue Component" : 0,
    "Alpha Component" : 0.5,
    "Green Component" : 0
  },
  "Scrollback Lines" : 8000,
  "Send Code When Idle" : false,
  "Close Sessions On End" : true,
  "Terminal Type" : "xterm-256color",
  "Visual Bell" : true,
  "Flashing Bell" : false,
  "Silence Bell" : true,
  "Ansi 14 Color" : {
    "Green Component" : 0.82745099067687988,
    "Blue Component" : 0.81960785388946533,
    "Red Component" : 0.37647059559822083
  },
  "Name" : "Default",
  "Cursor Text Color" : {
    "Green Component" : 0,
    "Blue Component" : 0,
    "Red Component" : 0
  },
  "Shortcut" : "",
  "Cursor Color" : {
    "Green Component" : 1,
    "Blue Component" : 1,
    "Red Component" : 1
  },
  "Transparency" : 0,
  "Ansi 1 Color" : {
    "Green Component" : 0.32549020648002625,
    "Blue Component" : 0.3333333432674408,
    "Red Component" : 0.98039215803146362
  },
  "Custom Directory" : "No",
  "Horizontal Spacing" : 1,
  "Link Color" : {
    "Red Component" : 0.023,
    "Color Space" : "Calibrated",
    "Blue Component" : 0.67800000000000005,
    "Alpha Component" : 1,
    "Green Component" : 0.27000000000000002
  },
  "Ansi 5 Color" : {
    "Green Component" : 0.32941177487373352,
    "Blue Component" : 1,
    "Red Component" : 0.98039215803146362
  },
  "Use Non-ASCII Font" : false,
  "Ansi 7 Color" : {
    "Green Component" : 0.67843139171600342,
    "Blue Component" : 0.67843139171600342,
    "Red Component" : 0.67843139171600342
  },